Timo;Westkämper;timo;timo.westkamper@mysema.com
Lassi;Immonen;lassi;lassi.immonen@mysema.com
Vesa;Marttila;vesa;vesa.marttila@mysema.com
Samppa;Saarela;samppa;samppa.saarela@mysema.com
Johan;Kylander;kylander;_
Pia;Asp;asp;_
Pia;Forssell;piaf;_
Jens;Grandell;grandell;_
Carola;Herberts;herberts;_
Mats;Dahlberg;mdahlberg;_
Laura;Mattsson;mattsson;_
Anna;Torvaldson;torvaldson;_
Katarina;Pihlflyckt;pihlflyckt;_
Kim;Björklund;bjorklund;_
Sakari;Katajam�ki;sakari;sakari.katajamaki@finlit.fi
Ossi;Kokko;ossi;ossi.kokko@finlit.fi