Timo;Westkämper;timo.westkamper@mysema.com
Lassi;Immonen;lassi.immonen@mysema.com
Vesa;Marttila;vesa.marttila@mysema.com
Heli;Kautonen;heli.kautonen@finlit.fi
Matti;Anttila;matti.anttila@finlit.fi
Sakari;Katajamäki;sakari.katajamaki@finlit.fi
Ossi;Kokko;ossi.kokko@finlit.fi    