Timo;Westkämper;timo;timo.westkamper@mysema.com
Lassi;Immonen;lassi;lassi.immonen@mysema.com
Vesa;Marttila;vesa;vesa.marttila@mysema.com
Anna;Vesterinen;anna;anna.vesterinen@finlit.fi
Heli;Kautonen;heli;heli.kautonen@finlit.fi
Matti;Anttila;matti;matti.anttila@finlit.fi
Sakari;Katajamäki;sakari;sakari.katajamaki@finlit.fi
Ossi;Kokko;ossi;ossi.kokko@finlit.fi    
